Id,class_0,class_1
00eed32682bb,0.9331759192062665,0.06682408079373352
010ebe33f668,0.9331759192062665,0.06682408079373352
02fa521e1838,0.9331759192062665,0.06682408079373352
040e15f562a2,0.9331759192062665,0.06682408079373352
046e85c7cc7f,0.9331759192062665,0.06682408079373352
